{"loss": [2.2167141437530518, 1.9261211156845093, 1.7681306600570679, 1.6579769849777222, 1.5743350982666016, 1.512403130531311, 1.4559646844863892, 1.4046051502227783, 1.3596926927566528, 1.318372368812561, 1.2835979461669922, 1.2406692504882812, 1.208678960800171, 1.172776222229004, 1.1386350393295288, 1.1150822639465332, 1.08840012550354, 1.0625869035720825, 1.0433361530303955, 1.0216363668441772, 1.0034122467041016, 0.9835918545722961, 0.9711494445800781, 0.9496775269508362, 0.9360647797584534, 0.9254025220870972, 0.9106351733207703, 0.8916497826576233, 0.8821083307266235, 0.8700193166732788, 0.8576907515525818, 0.8465345501899719, 0.8375041484832764, 0.8250207901000977, 0.8176611065864563, 0.803510308265686, 0.7942365407943726, 0.7860716581344604, 0.7828943133354187, 0.7677241563796997, 0.7644369006156921, 0.7536189556121826, 0.7480930685997009, 0.7378722429275513, 0.7315464019775391, 0.7211542725563049, 0.7188928127288818, 0.7083562612533569, 0.7048373222351074, 0.7008002400398254], "accuracy": [0.1603199988603592, 0.2730199992656708, 0.33296000957489014, 0.38335999846458435, 0.41433998942375183, 0.4406999945640564, 0.4662800133228302, 0.48618000745773315, 0.5054000020027161, 0.5181199908256531, 0.534500002861023, 0.5502399802207947, 0.5648000240325928, 0.5769199728965759, 0.591159999370575, 0.6029999852180481, 0.6131200194358826, 0.6189600229263306, 0.6268600225448608, 0.6364200115203857, 0.6428800225257874, 0.65420001745224, 0.6537799835205078, 0.6640400290489197, 0.6686599850654602, 0.6743599772453308, 0.6783400177955627, 0.6850399971008301, 0.688759982585907, 0.6944000124931335, 0.6969000101089478, 0.700219988822937, 0.7063999772071838, 0.7114199995994568, 0.713919997215271, 0.718999981880188, 0.7213000059127808, 0.7240200042724609, 0.7278800010681152, 0.7305999994277954, 0.7323399782180786, 0.7369199991226196, 0.7372999787330627, 0.7400000095367432, 0.7427399754524231, 0.7467799782752991, 0.7497199773788452, 0.7530800104141235, 0.7533199787139893, 0.755079984664917], "val_loss": [2.0970358848571777, 1.7828785181045532, 1.6164990663528442, 1.5243617296218872, 1.443221092224121, 1.3974610567092896, 1.351296305656433, 1.2558156251907349, 1.208925724029541, 1.1770364046096802, 1.14818274974823, 1.0953799486160278, 1.0573062896728516, 1.0304828882217407, 1.0230472087860107, 0.982872724533081, 0.9538478255271912, 0.9602233171463013, 0.912972092628479, 0.9114788770675659, 0.8769497871398926, 0.861024796962738, 0.8811484575271606, 0.8143394589424133, 0.821761429309845, 0.8364515900611877, 0.8077954649925232, 0.7917784452438354, 0.7787255644798279, 0.7589377164840698, 0.7736819982528687, 0.7444509267807007, 0.7504191994667053, 0.7344188690185547, 0.7247055172920227, 0.7396150827407837, 0.7231163382530212, 0.7083125114440918, 0.6951184272766113, 0.6749816536903381, 0.6916926503181458, 0.6748477220535278, 0.6772454977035522, 0.6471447944641113, 0.6698247790336609, 0.6519506573677063, 0.6698835492134094, 0.6595306992530823, 0.6286015510559082, 0.6439396739006042], "val_accuracy": [0.23810000717639923, 0.33799999952316284, 0.4138999879360199, 0.42809998989105225, 0.46389999985694885, 0.48190000653266907, 0.5210000276565552, 0.5442000031471252, 0.5708000063896179, 0.5756000280380249, 0.59170001745224, 0.6111000180244446, 0.6287999749183655, 0.6360999941825867, 0.6334999799728394, 0.6517000198364258, 0.6545000076293945, 0.6563000082969666, 0.6751999855041504, 0.6786999702453613, 0.6870999932289124, 0.6934000253677368, 0.6886000037193298, 0.7052000164985657, 0.7099000215530396, 0.7044000029563904, 0.7139000296592712, 0.7156000137329102, 0.7251999974250793, 0.7317000031471252, 0.7253000140190125, 0.7376999855041504, 0.7324000000953674, 0.7404000163078308, 0.7382000088691711, 0.7354000210762024, 0.7427999973297119, 0.7537000179290771, 0.7538999915122986, 0.7615000009536743, 0.7545999884605408, 0.7621999979019165, 0.7610999941825867, 0.7764000296592712, 0.7612000107765198, 0.7714999914169312, 0.7627999782562256, 0.7724999785423279, 0.7811999917030334, 0.7760000228881836]}