{"loss": [2.943904399871826, 2.486304759979248, 2.3591229915618896, 1.9947090148925781, 1.7621549367904663, 1.733701467514038, 1.602852702140808, 1.4503518342971802, 1.3643383979797363, 1.2572274208068848, 1.2504009008407593, 1.1555029153823853, 1.082853078842163, 1.0217676162719727, 0.9792596101760864, 0.9227206707000732, 0.8139595985412598, 0.7865111231803894, 0.7984175086021423, 0.6931919455528259, 0.6974936723709106, 0.687444269657135, 0.6284828782081604, 0.6183526515960693, 0.5194950103759766, 0.5717301964759827, 0.5345896482467651, 0.48684701323509216, 0.39598649740219116, 0.41869914531707764, 0.40609124302864075, 0.39500024914741516, 0.43209272623062134, 0.4270276725292206, 0.37427887320518494, 0.400031715631485, 0.4149620831012726, 0.3504551947116852, 0.32053205370903015, 0.3058865964412689, 0.31730037927627563, 0.30231431126594543, 0.3225729763507843, 0.28486084938049316, 0.27222034335136414, 0.2665889859199524, 0.23819008469581604, 0.251350462436676, 0.20192785561084747, 0.2012241631746292], "accuracy": [0.13568376004695892, 0.21581196784973145, 0.2350427359342575, 0.32478633522987366, 0.38749998807907104, 0.4177350401878357, 0.42414531111717224, 0.502136766910553, 0.5138888955116272, 0.5687500238418579, 0.5715811848640442, 0.5865384340286255, 0.620726466178894, 0.6527777910232544, 0.6506410241127014, 0.6912392973899841, 0.7329059839248657, 0.7329059839248657, 0.7350427508354187, 0.7702991366386414, 0.7606837749481201, 0.7756410241127014, 0.7959401607513428, 0.7927350401878357, 0.8205128312110901, 0.807692289352417, 0.81517094373703, 0.8333333134651184, 0.8760683536529541, 0.879273533821106, 0.8632478713989258, 0.8653846383094788, 0.8611111044883728, 0.8611111044883728, 0.8760683536529541, 0.8589743375778198, 0.8557692170143127, 0.8760416507720947, 0.9017093777656555, 0.8985042572021484, 0.8942307829856873, 0.9049145579338074, 0.8979166746139526, 0.9070512652397156, 0.9166666865348816, 0.9081196784973145, 0.9134615659713745, 0.9198718070983887, 0.9375, 0.9391025900840759], "val_loss": [2.301820755004883, 2.2924299240112305, 2.288271188735962, 2.2993338108062744, 2.2897801399230957, 2.285144805908203, 2.2921040058135986, 2.2844371795654297, 2.308089017868042, 2.317250967025757, 2.3307645320892334, 2.2997143268585205, 2.262815237045288, 2.344897747039795, 2.329713821411133, 2.206005811691284, 2.1414778232574463, 2.1018807888031006, 2.118496894836426, 2.2005436420440674, 2.2403812408447266, 2.3070881366729736, 2.3262975215911865, 2.269779682159424, 2.1990864276885986, 2.150481939315796, 2.241185426712036, 2.3610541820526123, 2.3866372108459473, 2.430311441421509, 2.449307441711426, 2.4133949279785156, 2.47338604927063, 2.6282076835632324, 2.617286443710327, 2.6499745845794678, 2.5691018104553223, 2.557997226715088, 2.8189499378204346, 2.7947959899902344, 2.8041889667510986, 2.92191481590271, 2.8975372314453125, 2.7892069816589355, 2.8720061779022217, 3.0068259239196777, 3.029571294784546, 2.887516975402832, 2.8825461864471436, 2.8916561603546143], "val_accuracy": [0.13609999418258667, 0.1136000007390976, 0.12839999794960022, 0.13359999656677246, 0.11919999867677689, 0.12549999356269836, 0.1216999962925911, 0.12060000002384186, 0.11819999665021896, 0.11869999766349792, 0.13600000739097595, 0.14970000088214874, 0.15039999783039093, 0.16220000386238098, 0.15800000727176666, 0.2061000019311905, 0.21199999749660492, 0.24660000205039978, 0.25850000977516174, 0.25619998574256897, 0.2685000002384186, 0.2644999921321869, 0.2872999906539917, 0.28610000014305115, 0.31470000743865967, 0.3287999927997589, 0.32280001044273376, 0.32739999890327454, 0.33230000734329224, 0.3375000059604645, 0.3328000009059906, 0.35690000653266907, 0.35359999537467957, 0.33410000801086426, 0.33489999175071716, 0.3447999954223633, 0.35679998993873596, 0.35190001130104065, 0.33559998869895935, 0.3424000144004822, 0.35120001435279846, 0.3386000096797943, 0.33640000224113464, 0.3587000072002411, 0.3587999939918518, 0.3474999964237213, 0.3287000060081482, 0.3594000041484833, 0.3555999994277954, 0.35920000076293945]}