{"loss": [2.881169319152832, 2.160400867462158, 1.4530531167984009, 0.7622779607772827, 0.36653396487236023, 0.15139324963092804, 0.06503613293170929, 0.040772899985313416, 0.026387345045804977, 0.015347331762313843, 0.012600150890648365, 0.009199919179081917, 0.011520602740347385, 0.007992839440703392, 0.006029793061316013, 0.007284322753548622, 0.009912322275340557, 0.0055947070941329, 0.005225115921348333, 0.003682641079649329, 0.0036992416717112064, 0.0035826617386192083, 0.0035743475891649723, 0.0043868329375982285, 0.003390030935406685, 0.0032545016147196293, 0.0029632027726620436, 0.0029154589865356684, 0.002046653302386403, 0.002474973676726222, 0.002850294578820467, 0.0028460591565817595, 0.0021263055969029665, 0.002937419805675745, 0.0032760167960077524, 0.0019392037065699697, 0.0029157509561628103, 0.001765821478329599, 0.0026731130201369524, 0.0020819557830691338, 0.002095577772706747, 0.0016869483515620232, 0.0016859326278790832, 0.003719814121723175, 0.002029937459155917, 0.0027240337803959846, 0.0020861525554209948, 0.003021917538717389, 0.0017787307733669877, 0.0014318216126412153], "accuracy": [0.1379999965429306, 0.3009999990463257, 0.5220000147819519, 0.7689999938011169, 0.9129999876022339, 0.9769999980926514, 0.9890000224113464, 0.996999979019165, 0.996999979019165, 1.0, 1.0, 1.0, 0.9990000128746033, 1.0, 1.0, 0.9990000128746033, 1.0, 1.0, 1.0, 1.0, 1.0, 1.0, 1.0, 1.0, 1.0, 1.0, 1.0, 1.0, 1.0, 1.0, 1.0, 1.0, 1.0, 1.0, 1.0, 1.0, 1.0, 1.0, 1.0, 1.0, 1.0, 1.0, 1.0, 0.9990000128746033, 1.0, 1.0, 1.0, 1.0, 1.0, 1.0], "val_loss": [2.3046061992645264, 2.2980008125305176, 2.3141350746154785, 2.3321073055267334, 2.343006134033203, 2.3780269622802734, 2.3972344398498535, 2.4114990234375, 2.414167881011963, 2.417984962463379, 2.4446446895599365, 2.4737205505371094, 2.4715774059295654, 2.4767801761627197, 2.476041555404663, 2.41329288482666, 2.3822453022003174, 2.4480113983154297, 2.4486544132232666, 2.4173383712768555, 2.4005331993103027, 2.393059492111206, 2.3856678009033203, 2.3829948902130127, 2.3889431953430176, 2.3999228477478027, 2.41542911529541, 2.4318184852600098, 2.4504013061523438, 2.471067190170288, 2.4937682151794434, 2.5141823291778564, 2.5309669971466064, 2.5494444370269775, 2.5638270378112793, 2.578284740447998, 2.593850612640381, 2.620544672012329, 2.633225202560425, 2.6412034034729004, 2.6540064811706543, 2.6654598712921143, 2.672502040863037, 2.6795363426208496, 2.7277371883392334, 2.7381296157836914, 2.7415506839752197, 2.7407679557800293, 2.7348556518554688, 2.7347192764282227], "val_accuracy": [0.10899999737739563, 0.12099999934434891, 0.1273999959230423, 0.11410000175237656, 0.1039000004529953, 0.10450000315904617, 0.10440000146627426, 0.10840000212192535, 0.11490000039339066, 0.11860000342130661, 0.12890000641345978, 0.13369999825954437, 0.14239999651908875, 0.15160000324249268, 0.16009999811649323, 0.18440000712871552, 0.2070000022649765, 0.21170000731945038, 0.2248000055551529, 0.24279999732971191, 0.25690001249313354, 0.2720000147819519, 0.2847000062465668, 0.29499998688697815, 0.30730000138282776, 0.314300000667572, 0.32120001316070557, 0.32339999079704285, 0.3292999863624573, 0.3312999904155731, 0.33340001106262207, 0.33730000257492065, 0.33730000257492065, 0.3370000123977661, 0.3391000032424927, 0.3407999873161316, 0.34060001373291016, 0.34060001373291016, 0.34130001068115234, 0.3431999981403351, 0.34279999136924744, 0.34049999713897705, 0.34119999408721924, 0.34209999442100525, 0.33820000290870667, 0.33880001306533813, 0.3395000100135803, 0.3402000069618225, 0.34389999508857727, 0.34310001134872437]}