{"loss": [2.3707005977630615, 2.27695369720459, 2.237438678741455, 2.192659854888916, 2.1514651775360107, 2.1035895347595215, 2.0598807334899902, 2.036189556121826, 1.9793150424957275, 1.9226340055465698, 1.8988741636276245, 1.8636698722839355, 1.8178706169128418, 1.748273491859436, 1.7548366785049438, 1.6738576889038086, 1.6104475259780884, 1.6483014822006226, 1.582385778427124, 1.5794868469238281, 1.498683214187622, 1.4548882246017456, 1.446987271308899, 1.3555352687835693, 1.3109159469604492, 1.20592200756073, 1.1705881357192993, 1.145816683769226, 1.1146321296691895, 1.0471152067184448, 0.9538795351982117, 0.9718663692474365, 0.9369091391563416, 0.8787506818771362, 0.8077722191810608, 0.7311733365058899, 0.6654571294784546, 0.5834997296333313, 0.5778571963310242, 0.5171554088592529, 0.49955645203590393, 0.4873576760292053, 0.33258745074272156, 0.26899489760398865, 0.2799534201622009, 0.2256545126438141, 0.23077689111232758, 0.15004733204841614, 0.1343948096036911, 0.13861100375652313], "accuracy": [0.11900000274181366, 0.15399999916553497, 0.15600000321865082, 0.20200000703334808, 0.25600001215934753, 0.28299999237060547, 0.2849999964237213, 0.2750000059604645, 0.3140000104904175, 0.335999995470047, 0.3330000042915344, 0.3479999899864197, 0.36000001430511475, 0.41600000858306885, 0.39800000190734863, 0.42899999022483826, 0.45399999618530273, 0.43700000643730164, 0.4519999921321869, 0.4390000104904175, 0.49399998784065247, 0.49000000953674316, 0.5139999985694885, 0.5529999732971191, 0.5540000200271606, 0.6129999756813049, 0.621999979019165, 0.6129999756813049, 0.6159999966621399, 0.6420000195503235, 0.6959999799728394, 0.6669999957084656, 0.6919999718666077, 0.7099999785423279, 0.7450000047683716, 0.7680000066757202, 0.7940000295639038, 0.8289999961853027, 0.8199999928474426, 0.8429999947547913, 0.8560000061988831, 0.8579999804496765, 0.9240000247955322, 0.9449999928474426, 0.9430000185966492, 0.9629999995231628, 0.9449999928474426, 0.9769999980926514, 0.9829999804496765, 0.9750000238418579], "val_loss": [2.311965227127075, 2.2556557655334473, 2.2191455364227295, 2.186131238937378, 2.1507575511932373, 2.114060163497925, 2.0820021629333496, 2.1181797981262207, 1.9936147928237915, 2.016463041305542, 1.9227970838546753, 1.9184062480926514, 1.8788433074951172, 1.8687468767166138, 1.8783818483352661, 1.7931740283966064, 1.9675182104110718, 1.810700535774231, 1.85331392288208, 1.8198022842407227, 1.8020374774932861, 1.8359439373016357, 1.8599507808685303, 1.899740219116211, 1.721864104270935, 1.8304505348205566, 1.7874126434326172, 1.7887376546859741, 1.8228888511657715, 1.9059332609176636, 1.892336368560791, 1.8674888610839844, 1.9629144668579102, 1.8881314992904663, 2.0989527702331543, 2.1011106967926025, 2.0837104320526123, 2.2834386825561523, 2.2078464031219482, 2.166553020477295, 2.363109827041626, 2.1715242862701416, 2.2864511013031006, 2.361829996109009, 2.367603063583374, 2.6506805419921875, 2.446704626083374, 2.5161473751068115, 2.640286445617676, 2.7385520935058594], "val_accuracy": [0.11240000277757645, 0.16930000483989716, 0.2110999971628189, 0.22679999470710754, 0.23589999973773956, 0.22050000727176666, 0.2345000058412552, 0.2295999974012375, 0.3082999885082245, 0.29600000381469727, 0.31049999594688416, 0.2904999852180481, 0.32739999890327454, 0.3264999985694885, 0.32330000400543213, 0.3578000068664551, 0.3174000084400177, 0.3476000130176544, 0.33629998564720154, 0.33980000019073486, 0.3481999933719635, 0.34599998593330383, 0.3596000075340271, 0.31940001249313354, 0.385699987411499, 0.36959999799728394, 0.3774000108242035, 0.3684000074863434, 0.37880000472068787, 0.3587000072002411, 0.375, 0.37959998846054077, 0.3497999906539917, 0.37130001187324524, 0.35690000653266907, 0.3668000102043152, 0.35269999504089355, 0.3499000072479248, 0.35690000653266907, 0.35850000381469727, 0.36469998955726624, 0.36730000376701355, 0.3804999887943268, 0.375, 0.3698999881744385, 0.34709998965263367, 0.3720000088214874, 0.3799000084400177, 0.3790000081062317, 0.37040001153945923]}