{"loss": [2.319577693939209, 2.280007839202881, 2.2480075359344482, 2.2172768115997314, 2.16619873046875, 2.1205646991729736, 2.0991315841674805, 2.075490951538086, 2.0522189140319824, 2.045541286468506, 2.016378402709961, 2.00712513923645, 2.0041911602020264, 1.9897918701171875, 1.9793295860290527, 1.958829402923584, 1.9204349517822266, 1.9367479085922241, 1.8966933488845825, 1.8916538953781128, 1.8969866037368774, 1.8930619955062866, 1.8603683710098267, 1.840854525566101, 1.833991527557373, 1.8827718496322632, 1.7989829778671265, 1.7909750938415527, 1.7911145687103271, 1.7711210250854492, 1.7738105058670044, 1.7600511312484741, 1.7557400465011597, 1.738853931427002, 1.6793363094329834, 1.7273240089416504, 1.7409062385559082, 1.6823952198028564, 1.6914054155349731, 1.6527601480484009, 1.7250354290008545, 1.685021162033081, 1.6369285583496094, 1.6327650547027588, 1.5741266012191772, 1.590509057044983, 1.6040486097335815, 1.6100255250930786, 1.603215217590332, 1.5689831972122192], "accuracy": [0.11217948794364929, 0.12820513546466827, 0.16987179219722748, 0.19658119976520538, 0.22970084846019745, 0.21688033640384674, 0.22008547186851501, 0.23397435247898102, 0.23076923191547394, 0.25854700803756714, 0.2788461446762085, 0.25854700803756714, 0.26816239953041077, 0.27029913663864136, 0.2745726406574249, 0.2884615361690521, 0.3215811848640442, 0.30021366477012634, 0.3183760643005371, 0.3173076808452606, 0.3226495683193207, 0.32585468888282776, 0.3023504316806793, 0.33760684728622437, 0.35363247990608215, 0.34081196784973145, 0.3504273593425751, 0.37072649598121643, 0.35363247990608215, 0.3739316165447235, 0.36770832538604736, 0.3589743673801422, 0.38034188747406006, 0.36752137541770935, 0.4145299196243286, 0.38034188747406006, 0.40705129504203796, 0.3888888955116272, 0.38034188747406006, 0.42200854420661926, 0.3802083432674408, 0.4017094075679779, 0.4188034236431122, 0.4326923191547394, 0.4273504316806793, 0.42521366477012634, 0.4166666567325592, 0.42628204822540283, 0.4209401607513428, 0.4604700803756714], "val_loss": [2.285109281539917, 2.2529730796813965, 2.2173750400543213, 2.1671578884124756, 2.10848331451416, 2.064100742340088, 2.0247602462768555, 2.0323004722595215, 1.9849969148635864, 1.9567877054214478, 1.9484548568725586, 1.9779422283172607, 1.9580659866333008, 1.9427275657653809, 1.8882827758789062, 1.8718540668487549, 1.9346991777420044, 1.8483024835586548, 1.8375002145767212, 1.8018015623092651, 1.8560806512832642, 1.8385777473449707, 1.7639806270599365, 1.7885555028915405, 1.7877107858657837, 1.7536345720291138, 1.7445570230484009, 1.7520971298217773, 1.7229946851730347, 1.7746269702911377, 1.77591872215271, 1.6863255500793457, 1.674599051475525, 1.7147268056869507, 1.6407718658447266, 1.7177062034606934, 1.727627158164978, 1.634782075881958, 1.6818132400512695, 1.6323493719100952, 1.7921457290649414, 1.6822261810302734, 1.6095565557479858, 1.5975840091705322, 1.6971949338912964, 1.719746708869934, 1.6082857847213745, 1.5967328548431396, 1.5657542943954468, 1.6160308122634888], "val_accuracy": [0.13279999792575836, 0.17730000615119934, 0.20479999482631683, 0.2378000020980835, 0.24160000681877136, 0.2409999966621399, 0.2720000147819519, 0.25699999928474426, 0.2808000147342682, 0.30160000920295715, 0.28769999742507935, 0.2759999930858612, 0.29660001397132874, 0.3098999857902527, 0.3149999976158142, 0.3321000039577484, 0.29750001430511475, 0.3441999852657318, 0.3273000121116638, 0.3531000018119812, 0.33980000019073486, 0.3312000036239624, 0.38089999556541443, 0.36239999532699585, 0.35089999437332153, 0.38350000977516174, 0.3824999928474426, 0.37299999594688416, 0.3718999922275543, 0.36500000953674316, 0.35339999198913574, 0.399399995803833, 0.4077000021934509, 0.38760000467300415, 0.41019999980926514, 0.37779998779296875, 0.38999998569488525, 0.4198000133037567, 0.3905999958515167, 0.41999998688697815, 0.38179999589920044, 0.39419999718666077, 0.421099990606308, 0.42329999804496765, 0.39309999346733093, 0.38519999384880066, 0.42320001125335693, 0.4277999997138977, 0.4442000091075897, 0.41179999709129333]}