{"loss": [3.516956329345703, 3.4354360103607178, 3.4007694721221924, 3.3697092533111572, 3.3387043476104736, 3.295870065689087, 3.2734994888305664, 3.230285882949829, 3.2006337642669678, 3.1987738609313965, 3.1879639625549316, 3.1767947673797607, 3.1312248706817627, 3.134066104888916, 3.134843587875366, 3.142946720123291, 3.1396961212158203, 3.1276931762695312, 3.088331937789917, 3.0604758262634277, 3.059033155441284, 3.0134692192077637, 3.0253896713256836, 2.999116897583008, 3.0106358528137207, 2.9810640811920166, 3.030893087387085, 2.9678714275360107, 2.988332986831665, 2.949247121810913, 2.9104788303375244, 2.933551549911499, 2.9120936393737793, 2.8876781463623047, 2.9446027278900146, 2.880701780319214, 2.8562428951263428, 2.883335590362549, 2.8859055042266846, 2.878004789352417, 2.820096015930176, 2.798142910003662, 2.868743658065796, 2.866832733154297, 2.8243446350097656, 2.829725742340088, 2.810689926147461, 2.768967866897583, 2.7684011459350586, 2.7689239978790283, 2.6827800273895264, 2.7349843978881836, 2.732602834701538, 2.7370433807373047, 2.73036789894104, 2.7142086029052734, 2.7126941680908203, 2.641193151473999, 2.706101179122925, 2.742145299911499, 2.6792805194854736, 2.6759564876556396, 2.641045570373535, 2.6293718814849854, 2.6866798400878906, 2.666534900665283, 2.583787679672241, 2.5916695594787598, 2.5787272453308105, 2.581671714782715, 2.5970754623413086, 2.587371349334717, 2.533660650253296, 2.5702247619628906, 2.562706470489502, 2.527371406555176, 2.563324451446533, 2.5619161128997803, 2.466020107269287, 2.476165533065796, 2.430098295211792, 2.450000524520874, 2.432960271835327, 2.4489586353302, 2.413844585418701, 2.4906973838806152, 2.476842164993286, 2.4382376670837402, 2.383143901824951, 2.423884868621826, 2.4176506996154785, 2.416811466217041, 2.416360855102539, 2.374314785003662, 2.3558878898620605, 2.3119754791259766, 2.3808095455169678, 2.320634126663208, 2.2872002124786377, 2.3800363540649414, 2.2912700176239014, 2.285670518875122, 2.264279365539551, 2.2907495498657227, 2.2589640617370605, 2.240046501159668, 2.2067644596099854, 2.2307257652282715, 2.21238374710083], "accuracy": [0.09401709586381912, 0.1378205120563507, 0.14316239953041077, 0.1816239356994629, 0.18910256028175354, 0.2083333283662796, 0.21794871985912323, 0.25641027092933655, 0.25534188747406006, 0.2361111044883728, 0.27291667461395264, 0.2649572789669037, 0.2756410241127014, 0.2606837749481201, 0.2745726406574249, 0.28205129504203796, 0.2959401607513428, 0.27243590354919434, 0.2905983030796051, 0.31410256028175354, 0.3055555522441864, 0.32478633522987366, 0.3218750059604645, 0.32478633522987366, 0.31979167461395264, 0.33974358439445496, 0.3493589758872986, 0.3589743673801422, 0.3229166567325592, 0.3472222089767456, 0.36858972907066345, 0.3514957129955292, 0.35576921701431274, 0.36645299196243286, 0.345085471868515, 0.37927350401878357, 0.375, 0.36752137541770935, 0.38034188747406006, 0.3643162250518799, 0.3995726406574249, 0.40918803215026855, 0.3878205120563507, 0.3782051205635071, 0.3995726406574249, 0.4006410241127014, 0.3995726406574249, 0.41987180709838867, 0.41987180709838867, 0.40918803215026855, 0.43910256028175354, 0.43589743971824646, 0.42200854420661926, 0.4134615361690521, 0.43696582317352295, 0.44017094373703003, 0.43803417682647705, 0.45192307233810425, 0.4326923191547394, 0.4059829115867615, 0.4572649598121643, 0.44871795177459717, 0.4594016969203949, 0.4465811848640442, 0.4305555522441864, 0.4433760643005371, 0.4749999940395355, 0.46041667461395264, 0.470085471868515, 0.4754273593425751, 0.46794870495796204, 0.4690170884132385, 0.4861111044883728, 0.4839743673801422, 0.4839743673801422, 0.48183760046958923, 0.4850427210330963, 0.4885416626930237, 0.5106837749481201, 0.5192307829856873, 0.5363247990608215, 0.5256410241127014, 0.5363247990608215, 0.5299145579338074, 0.5416666865348816, 0.5096153616905212, 0.5117521286010742, 0.5373931527137756, 0.5491452813148499, 0.5309829115867615, 0.5288461446762085, 0.5448718070983887, 0.5384615659713745, 0.5608974099159241, 0.5662392973899841, 0.5683760643005371, 0.5288461446762085, 0.563034176826477, 0.5950854420661926, 0.5373931527137756, 0.5614583492279053, 0.5918803215026855, 0.5694444179534912, 0.5769230723381042, 0.5950854420661926, 0.6143162250518799, 0.6132478713989258, 0.5940170884132385, 0.6025640964508057], "val_loss": [3.450993776321411, 3.4085538387298584, 3.3732151985168457, 3.331665515899658, 3.2837793827056885, 3.258526086807251, 3.199767589569092, 3.174694299697876, 3.1544923782348633, 3.1289968490600586, 3.1347079277038574, 3.092829465866089, 3.0628821849823, 3.1057064533233643, 3.055276393890381, 3.0715863704681396, 3.071974992752075, 3.0479984283447266, 3.027604341506958, 2.962787389755249, 2.9525482654571533, 2.9654524326324463, 2.972419023513794, 2.9381332397460938, 2.9170494079589844, 3.0310094356536865, 2.9316065311431885, 2.897418975830078, 2.8607659339904785, 2.8518590927124023, 2.8539395332336426, 2.864198923110962, 2.869591236114502, 2.897523880004883, 2.8452932834625244, 2.8114893436431885, 2.7937886714935303, 2.837886095046997, 2.9643242359161377, 2.8865087032318115, 2.7941250801086426, 2.7748830318450928, 2.9077579975128174, 2.7910971641540527, 2.8075125217437744, 2.7867209911346436, 2.7584311962127686, 2.776376724243164, 2.773714780807495, 2.7249038219451904, 2.790949583053589, 2.831444501876831, 2.7805192470550537, 2.7627768516540527, 2.72586727142334, 2.756676197052002, 2.756002426147461, 2.706444263458252, 2.7987453937530518, 2.781458616256714, 2.717886209487915, 2.7328479290008545, 2.705087900161743, 2.7641844749450684, 2.84269380569458, 2.7329587936401367, 2.7251996994018555, 2.709379196166992, 2.740345001220703, 2.8054637908935547, 2.7436249256134033, 2.724348306655884, 2.767055034637451, 2.773098945617676, 2.6744282245635986, 2.7868945598602295, 2.7419304847717285, 2.8246285915374756, 2.729459047317505, 2.686211585998535, 2.699307680130005, 2.711754322052002, 2.71636700630188, 2.7134270668029785, 2.729788064956665, 2.7051315307617188, 2.750746965408325, 2.7332241535186768, 2.6860604286193848, 2.7551770210266113, 2.6863749027252197, 2.732525110244751, 2.7660930156707764, 2.7276060581207275, 2.7361361980438232, 2.716207504272461, 2.7429585456848145, 2.7090671062469482, 2.802926540374756, 2.7188634872436523, 2.7550160884857178, 2.7496755123138428, 2.7439301013946533, 2.7238457202911377, 2.735239267349243, 2.733208417892456, 2.745818614959717, 2.7468349933624268, 2.773648262023926],