{"loss": [2.753676414489746, 2.297971248626709, 2.2881734371185303, 2.2560195922851562, 2.1880104541778564, 2.1841516494750977, 2.1427462100982666, 2.1023108959198, 2.0725507736206055, 2.081028461456299, 2.0232527256011963, 2.0537326335906982, 2.0086255073547363, 1.9659628868103027, 1.9280024766921997, 1.9431474208831787, 1.9300230741500854, 1.9290602207183838, 1.9085304737091064, 1.809368371963501, 1.817466378211975, 1.809249997138977, 1.7748395204544067, 1.8101669549942017, 1.7470341920852661, 1.7149838209152222, 1.7675591707229614, 1.7370623350143433, 1.6776455640792847, 1.6342265605926514, 1.628193736076355, 1.642226219177246, 1.6304789781570435, 1.611068844795227, 1.6157301664352417, 1.5797841548919678, 1.5479013919830322, 1.5239824056625366, 1.5567927360534668, 1.4972786903381348, 1.4973759651184082, 1.4975228309631348, 1.436861276626587, 1.4136818647384644, 1.3980062007904053, 1.3594368696212769, 1.3413888216018677, 1.3018196821212769, 1.319733738899231, 1.3093444108963013, 1.2361295223236084, 1.2958543300628662, 1.286912441253662, 1.2531741857528687, 1.2651188373565674, 1.2023975849151611, 1.1970452070236206, 1.1518007516860962, 1.1249487400054932, 1.1371792554855347, 1.1181304454803467, 1.1323260068893433, 1.1320483684539795, 1.1142429113388062, 1.0706979036331177, 1.1147900819778442, 1.0232419967651367, 1.0878642797470093, 0.9663915634155273, 0.997642993927002, 0.961639404296875, 0.9831535220146179, 0.9461492300033569, 0.8894844651222229, 0.9422327280044556, 0.9420668482780457, 0.919122040271759, 0.8963102698326111, 0.8441330194473267, 0.8924407362937927, 0.7853650450706482, 0.7980140447616577, 0.8148570656776428, 0.8145507574081421], "accuracy": [0.09829059988260269, 0.11752136796712875, 0.12187500298023224, 0.13247863948345184, 0.1655982881784439, 0.18376068770885468, 0.18803419172763824, 0.20299145579338074, 0.22756409645080566, 0.22649572789669037, 0.25641027092933655, 0.21581196784973145, 0.2638888955116272, 0.28739315271377563, 0.28525641560554504, 0.2905983030796051, 0.29807692766189575, 0.3023504316806793, 0.31196582317352295, 0.33760684728622437, 0.32478633522987366, 0.3365384638309479, 0.35576921701431274, 0.3344016969203949, 0.35683760046958923, 0.38141027092933655, 0.345085471868515, 0.3643162250518799, 0.3899572789669037, 0.3920940160751343, 0.3867521286010742, 0.4155983030796051, 0.4006410241127014, 0.41025641560554504, 0.4316239356994629, 0.41025641560554504, 0.4326923191547394, 0.43589743971824646, 0.4284188151359558, 0.44871795177459717, 0.4690170884132385, 0.4593749940395355, 0.4690170884132385, 0.48183760046958923, 0.48183760046958923, 0.502136766910553, 0.5064102411270142, 0.5202991366386414, 0.5170940160751343, 0.5277777910232544, 0.5566239356994629, 0.5470085740089417, 0.5352563858032227, 0.5405982732772827, 0.5523504018783569, 0.56517094373703, 0.5993589758872986, 0.5993589758872986, 0.6089743375778198, 0.5927083492279053, 0.5929487347602844, 0.5982906222343445, 0.6068376302719116, 0.5822649598121643, 0.632478654384613, 0.5929487347602844, 0.6399572491645813, 0.5854166746139526, 0.6335470080375671, 0.6378205418586731, 0.6591880321502686, 0.6452991366386414, 0.6655982732772827, 0.6912392973899841, 0.6677350401878357, 0.6538461446762085, 0.69017094373703, 0.6891025900840759, 0.7008547186851501, 0.6741452813148499, 0.7361111044883728, 0.6976495981216431, 0.6976495981216431, 0.7061966061592102], "val_loss": [2.300276517868042, 2.2929623126983643, 2.2708826065063477, 2.2002551555633545, 2.1148595809936523, 2.13370418548584, 2.067189931869507, 2.054621458053589, 2.0370593070983887, 1.9730135202407837, 1.964163064956665, 1.9297780990600586, 1.916085124015808, 1.8748623132705688, 1.7938898801803589, 1.8567429780960083, 1.867908239364624, 1.767574667930603, 1.7701146602630615, 1.728925347328186, 1.6896523237228394, 1.7709569931030273, 1.6728123426437378, 1.7217769622802734, 1.6472554206848145, 1.6896289587020874, 1.658182978630066, 1.6516152620315552, 1.6232818365097046, 1.6394569873809814, 1.585375428199768, 1.5961297750473022, 1.6410654783248901, 1.5840049982070923, 1.5572681427001953, 1.632604956626892, 1.740300178527832, 1.715457797050476, 1.6185613870620728, 1.6363379955291748, 1.5710644721984863, 1.5782803297042847, 1.5602161884307861, 1.5657291412353516, 1.6190509796142578, 1.6416969299316406, 1.5189687013626099, 1.6677793264389038, 1.5946544408798218, 1.6470154523849487, 1.6598540544509888, 1.6520518064498901, 1.7595385313034058, 1.5697386264801025, 1.6369407176971436, 1.7842812538146973, 1.6052583456039429, 1.6157509088516235, 1.6760871410369873, 1.716742992401123, 1.6255042552947998, 1.7099648714065552, 1.6737847328186035, 1.6014611721038818, 1.7399755716323853, 1.6449880599975586, 1.7385308742523193, 1.695757269859314, 1.755763053894043, 1.7972084283828735, 1.8032103776931763, 1.7019679546356201, 1.7592228651046753, 1.7868845462799072, 1.7936495542526245, 1.7691998481750488, 1.7753117084503174, 1.7944945096969604, 1.8071035146713257, 1.829409122467041, 1.8406591415405273, 2.0354981422424316, 1.9312713146209717, 1.9505234956741333], "val_accuracy": [0.12200000137090683, 0.14149999618530273, 0.12929999828338623, 0.14910000562667847, 0.22339999675750732, 0.22390000522136688, 0.22529999911785126, 0.23749999701976776, 0.26460000872612, 0.29750001430511475, 0.2827000021934509, 0.31450000405311584, 0.31690001487731934, 0.3255999982357025, 0.35589998960494995, 0.31779998540878296, 0.3278999924659729, 0.34540000557899475, 0.33869999647140503, 0.3709000051021576, 0.3686000108718872, 0.364300012588501, 0.3849000036716461, 0.36739999055862427, 0.39570000767707825, 0.374099999666214, 0.4009999930858612, 0.40709999203681946, 0.40130001306533813, 0.39079999923706055, 0.4108999967575073, 0.4163999855518341, 0.39989998936653137, 0.4156000018119812, 0.4341999888420105, 0.39309999346733093, 0.3880999982357025, 0.4016000032424927, 0.4092999994754791, 0.4138000011444092, 0.4253999888896942, 0.4309000074863434, 0.4415999948978424, 0.44190001487731934, 0.4147000014781952, 0.43459999561309814, 0.462799996137619, 0.4325000047683716, 0.4408000111579895, 0.42089998722076416, 0.44269999861717224, 0.44440001249313354, 0.42489999532699585, 0.4535999894142151, 0.4260999858379364, 0.427700012922287, 0.44909998774528503, 0.4546999931335449, 0.4424000084400177, 0.4390000104904175, 0.46209999918937683, 0.4426000118255615, 0.44920000433921814, 0.4691999852657318, 0.44179999828338623, 0.4586000144481659, 0.4440000057220459, 0.4551999866962433, 0.4593999981880188, 0.4447999894618988, 0.448199987411499, 0.4505999982357025, 0.4607999920845032, 0.45590001344680786, 0.45179998874664307, 0.44760000705718994, 0.4643000066280365, 0.45239999890327454, 0.4657000005245209, 0.4514999985694885, 0.4666000008583069, 0.453900009393692, 0.44290000200271606, 0.4537999927997589]}