{"loss": [3.945106029510498, 3.3872854709625244, 3.3206000328063965, 3.2348523139953613, 3.17146897315979, 3.1039907932281494, 3.0435657501220703, 3.006772518157959, 2.94323992729187, 2.8939828872680664, 2.8675944805145264, 2.8292033672332764, 2.774733066558838, 2.7090210914611816, 2.6561644077301025, 2.7186801433563232, 2.6488311290740967, 2.5801897048950195, 2.5371460914611816, 2.543992519378662, 2.4936745166778564, 2.4540517330169678, 2.410728693008423, 2.4618380069732666, 2.3855085372924805, 2.348888397216797, 2.3748409748077393, 2.2785918712615967, 2.2373340129852295, 2.3131325244903564, 2.2489099502563477, 2.222928524017334, 2.1905908584594727, 2.196349859237671, 2.128878593444824, 2.144526720046997, 2.1222615242004395, 2.078570604324341, 2.0764546394348145, 2.019523859024048, 2.050356388092041, 2.0123345851898193, 2.0176897048950195, 2.0100371837615967, 1.9344680309295654, 1.9367265701293945, 1.9724926948547363, 1.9408427476882935, 1.9132593870162964, 1.9054690599441528, 1.8721835613250732, 1.839795470237732, 1.8084214925765991, 1.863511085510254, 1.8544535636901855, 1.7832990884780884, 1.758042812347412, 1.791258454322815, 1.7700444459915161, 1.7198097705841064, 1.715406060218811, 1.735687255859375, 1.6759907007217407, 1.673810601234436, 1.718588948249817, 1.6323333978652954, 1.6063356399536133, 1.5846811532974243, 1.643821120262146, 1.5612412691116333, 1.6243058443069458, 1.5908576250076294, 1.5300167798995972, 1.5754739046096802, 1.555159091949463, 1.517305612564087, 1.5074329376220703, 1.54099440574646, 1.5811270475387573, 1.4973829984664917, 1.5100408792495728, 1.4904040098190308, 1.4692598581314087, 1.4170066118240356, 1.4718005657196045, 1.4544180631637573, 1.3680633306503296, 1.3610442876815796, 1.437897801399231, 1.3697375059127808, 1.3353643417358398, 1.395057201385498, 1.4437534809112549, 1.4313161373138428, 1.3506298065185547, 1.3260174989700317, 1.3217273950576782, 1.3625417947769165, 1.3966400623321533, 1.3153795003890991, 1.2811247110366821, 1.2791142463684082, 1.3076250553131104, 1.3166592121124268, 1.2378692626953125, 1.2674239873886108, 1.269606113433838, 1.3065720796585083, 1.2654008865356445, 1.27994704246521, 1.3464921712875366, 1.3169745206832886, 1.2598497867584229, 1.2149441242218018], "accuracy": [0.10576923191547394, 0.09829059988260269, 0.11752136796712875, 0.15491452813148499, 0.18803419172763824, 0.18696580827236176, 0.1944444477558136, 0.18589743971824646, 0.21901708841323853, 0.24358974397182465, 0.23290598392486572, 0.22863247990608215, 0.252136766910553, 0.2735042870044708, 0.28311964869499207, 0.25961539149284363, 0.26923078298568726, 0.30021366477012634, 0.31517094373703003, 0.25961539149284363, 0.3215811848640442, 0.3055555522441864, 0.3087606728076935, 0.2959401607513428, 0.30982905626296997, 0.33760684728622437, 0.32799145579338074, 0.3579059839248657, 0.3739316165447235, 0.3472222089767456, 0.3643162250518799, 0.3611111044883728, 0.3867521286010742, 0.3708333373069763, 0.39423078298568726, 0.3760683834552765, 0.3878205120563507, 0.4166666567325592, 0.41025641560554504, 0.4188034236431122, 0.4155983030796051, 0.43696582317352295, 0.4177350401878357, 0.42521366477012634, 0.4455128312110901, 0.4561965763568878, 0.4316239356994629, 0.4572649598121643, 0.4465811848640442, 0.46688035130500793, 0.470085471868515, 0.4732905924320221, 0.49145299196243286, 0.4850427210330963, 0.4743589758872986, 0.4989316165447235, 0.4839743673801422, 0.5117521286010742, 0.5117521286010742, 0.5470085740089417, 0.5288461446762085, 0.512499988079071, 0.5373931527137756, 0.5480769276618958, 0.5384615659713745, 0.5544871687889099, 0.5544871687889099, 0.5737179517745972, 0.5491452813148499, 0.5918803215026855, 0.5822649598121643, 0.5715811848640442, 0.6047008633613586, 0.5961538553237915, 0.5705128312110901, 0.6036324501037598, 0.6047008633613586, 0.5940170884132385, 0.5918803215026855, 0.6153846383094788, 0.5929487347602844, 0.5961538553237915, 0.622863233089447, 0.6356837749481201, 0.6282051205635071, 0.6388888955116272, 0.6613247990608215, 0.6527777910232544, 0.6314102411270142, 0.668749988079071, 0.6677350401878357, 0.6591880321502686, 0.6452991366386414, 0.6517093777656555, 0.682692289352417, 0.6805555820465088, 0.692307710647583, 0.6688033938407898, 0.6410256624221802, 0.7019230723381042, 0.692307710647583, 0.7040598392486572, 0.7083333134651184, 0.69017094373703, 0.7094017267227173, 0.7211538553237915, 0.7126068472862244, 0.6816239356994629, 0.7222222089767456, 0.7051281929016113, 0.6837607026100159, 0.7072649598121643, 0.7126068472862244, 0.7435897588729858], "val_loss": [3.4089770317077637, 3.3511288166046143, 3.2538559436798096, 3.186920404434204, 3.076453685760498, 3.049083709716797, 2.9150750637054443, 2.9036262035369873, 2.8623316287994385, 2.783526659011841, 2.789252281188965, 2.6940879821777344, 2.5986204147338867, 2.572147846221924, 2.630298137664795, 2.577655553817749, 2.526411771774292, 2.405928611755371, 2.461615562438965, 2.4231879711151123, 2.3667209148406982, 2.341141700744629, 2.329535484313965, 2.2761518955230713, 2.2646117210388184, 2.2884111404418945, 2.221137523651123, 2.146972179412842, 2.115769863128662, 2.2319211959838867, 2.151968002319336, 2.1116960048675537, 2.1716058254241943, 2.0890252590179443, 2.096069812774658, 2.1278486251831055, 2.087367296218872, 2.125284433364868, 2.0913729667663574, 2.0933022499084473, 2.0597879886627197, 2.131742238998413, 2.109951972961426, 2.139831304550171, 1.98844313621521, 2.035754442214966, 2.010209560394287, 1.9837367534637451, 1.9501322507858276, 1.9916017055511475, 2.1538453102111816, 2.018552780151367, 1.9676947593688965, 1.998777985572815, 2.012192964553833, 1.9760658740997314, 2.0413002967834473, 1.9770917892456055, 1.9333611726760864, 2.0106053352355957, 2.0843753814697266, 1.9601867198944092, 2.10737681388855, 1.9427900314331055, 1.9788447618484497, 1.9900562763214111, 1.957031488418579, 2.128274440765381, 2.0113606452941895, 2.174899101257324, 2.0700507164001465, 1.9973411560058594, 2.0000534057617188, 2.0508053302764893, 2.036580801010132, 2.1179685592651367, 2.190359115600586, 2.0812957286834717, 2.1025891304016113, 2.1897027492523193, 2.05487060546875, 2.0970511436462402, 2.1353819370269775, 2.1074318885803223, 2.1524949073791504, 2.060464859008789, 2.20699405670166, 2.191873788833618, 2.200631618499756, 2.232362985610962, 2.345285415649414, 2.2268948554992676, 2.1980173587799072, 2.118375778198242, 2.2518415451049805, 2.1937944889068604, 2.2417972087860107, 2.2500243186950684, 2.1659350395202637, 2.1445674896240234, 2.34582257270813, 2.252959728240967, 2.347416877746582, 2.226881742477417, 2.4060730934143066, 2.31502103805542, 2.374211311340332, 2.2634708881378174, 2.44885516166687, 2.266258478164673, 2.262582540512085, 2.303706645965576, 2.3586678504943848, 2.548048973083496],