{"loss": [2.4164700508117676, 2.278397798538208], "accuracy": [0.12300000339746475, 0.12600000202655792], "val_loss": [2.2941441535949707, 2.2348246574401855], "val_accuracy": [0.13770000636577606, 0.16200000047683716]}