{"loss": [2.302642345428467, 2.3026201725006104, 2.302564859390259, 2.3026466369628906, 2.3026225566864014, 2.3026089668273926, 2.302607297897339, 2.3025901317596436, 2.3025574684143066, 2.3025600910186768, 2.3025708198547363, 2.3025732040405273, 2.302577018737793, 2.302553653717041, 2.302516222000122, 2.30250883102417, 2.302539587020874, 2.3025197982788086, 2.3025572299957275, 2.302579879760742, 2.302619457244873, 2.302537679672241, 2.3025004863739014, 2.3025240898132324, 2.3025596141815186, 2.302513599395752, 2.3025505542755127, 2.302492380142212, 2.3024864196777344, 2.302556276321411, 2.30250883102417, 2.302506685256958, 2.302478075027466, 2.302511692047119, 2.3025059700012207, 2.3025197982788086, 2.3024754524230957, 2.302520751953125, 2.3024563789367676, 2.302443027496338, 2.3024396896362305, 2.3024370670318604, 2.3025565147399902, 2.3024821281433105, 2.302501916885376, 2.302401542663574, 2.302459716796875, 2.302487373352051, 2.302443265914917, 2.3024542331695557], "accuracy": [0.07478632777929306, 0.09829059988260269, 0.10363247990608215, 0.09935897588729858, 0.0833333358168602, 0.08653846383094788, 0.11645299196243286, 0.09508547186851501, 0.10042735189199448, 0.09829059988260269, 0.09294871985912323, 0.09935897588729858, 0.10576923191547394, 0.09829059988260269, 0.10470085591077805, 0.10576923191547394, 0.10149572789669037, 0.10363247990608215, 0.11431623995304108, 0.11965811997652054, 0.11538461595773697, 0.1388888955116272, 0.140625, 0.1111111119389534, 0.12713675200939178, 0.09829059988260269, 0.10042735189199448, 0.11645299196243286, 0.10042735189199448, 0.0989583358168602, 0.10042735189199448, 0.10149572789669037, 0.10363247990608215, 0.09829059988260269, 0.10042735189199448, 0.0972222238779068, 0.09935897588729858, 0.09935897588729858, 0.10042735189199448, 0.10042735189199448, 0.09829059988260269, 0.12187500298023224, 0.09615384787321091, 0.0989583358168602, 0.09829059988260269, 0.1260683834552765, 0.12187500298023224, 0.09615384787321091, 0.12179487198591232, 0.10683760792016983], "val_loss": [2.3025708198547363, 2.3025619983673096, 2.3025503158569336, 2.302541494369507, 2.30253529548645, 2.3025295734405518, 2.3025243282318115, 2.3025193214416504, 2.3025166988372803, 2.3025081157684326, 2.3025028705596924, 2.302502393722534, 2.3024959564208984, 2.30249285697937, 2.302488327026367, 2.30248761177063, 2.3024840354919434, 2.302480697631836, 2.3024775981903076, 2.3024752140045166, 2.302468776702881, 2.302467107772827, 2.302459239959717, 2.3024556636810303, 2.3024544715881348, 2.302452325820923, 2.3024444580078125, 2.302445411682129, 2.3024392127990723, 2.3024399280548096, 2.3024306297302246, 2.30242657661438, 2.302422046661377, 2.302417755126953, 2.302414655685425, 2.302412509918213, 2.3024075031280518, 2.3024024963378906, 2.3024003505706787, 2.3023946285247803, 2.3023908138275146, 2.3023881912231445, 2.3023836612701416, 2.302381753921509, 2.3023743629455566, 2.302367925643921, 2.302367925643921, 2.3023602962493896, 2.3023569583892822, 2.302351951599121], "val_accuracy": [0.10000000149011612, 0.10000000149011612, 0.10050000250339508, 0.10000000149011612, 0.10000000149011612, 0.10000000149011612, 0.12870000302791595, 0.10000000149011612, 0.10000000149011612, 0.10000000149011612, 0.11980000138282776, 0.12330000102519989, 0.10000000149011612, 0.10000000149011612, 0.13279999792575836, 0.10000000149011612, 0.1005999967455864, 0.10300000011920929, 0.10440000146627426, 0.10000000149011612, 0.12600000202655792, 0.1581999957561493, 0.1420000046491623, 0.12630000710487366, 0.10000000149011612, 0.10000000149011612, 0.10000000149011612, 0.15710000693798065, 0.10000000149011612, 0.10000000149011612, 0.10000000149011612, 0.10000000149011612, 0.10000000149011612, 0.10000000149011612, 0.10000000149011612, 0.10580000281333923, 0.10000000149011612, 0.10000000149011612, 0.10000000149011612, 0.10000000149011612, 0.10000000149011612, 0.1324000060558319, 0.10000000149011612, 0.12120000272989273, 0.11779999732971191, 0.1014999970793724, 0.13689999282360077, 0.10000000149011612, 0.13099999725818634, 0.13410000503063202]}