{"loss": [3.4870944023132324, 3.2838735580444336, 3.153862237930298, 3.025207757949829, 2.9137330055236816, 2.8273725509643555, 2.7827467918395996, 2.650498390197754, 2.6147379875183105, 2.605691432952881, 2.554225444793701, 2.4830009937286377, 2.4361822605133057, 2.3684051036834717, 2.325517177581787, 2.269785165786743, 2.273528814315796, 2.270659923553467, 2.192068576812744, 2.254737377166748, 2.1867072582244873, 2.1092331409454346, 2.0850462913513184, 2.114898920059204, 2.023482084274292, 1.9858031272888184, 2.024101972579956, 2.0071537494659424, 2.010928153991699, 1.9925506114959717, 1.8932029008865356, 1.8995362520217896, 1.9307204484939575, 1.864560842514038, 1.861864447593689, 1.8756359815597534, 1.8105288743972778, 1.787461280822754, 1.822807788848877, 1.8079396486282349, 1.8176335096359253, 1.8085981607437134, 1.808220624923706, 1.835293173789978, 1.741208553314209, 1.8260287046432495, 1.694808840751648, 1.7501590251922607, 1.6620442867279053, 1.6421855688095093, 1.6883556842803955, 1.6118409633636475, 1.6609525680541992, 1.6979193687438965, 1.6869418621063232, 1.6279516220092773, 1.6486932039260864, 1.6186928749084473, 1.617374062538147, 1.5756916999816895, 1.5965912342071533, 1.5590697526931763, 1.5790009498596191, 1.512235403060913, 1.5959231853485107, 1.5850895643234253, 1.5128531455993652, 1.4643610715866089, 1.5162103176116943, 1.5243662595748901, 1.5198240280151367, 1.52809476852417, 1.5097417831420898, 1.4829010963439941, 1.4716671705245972, 1.45822012424469, 1.4571621417999268, 1.4623981714248657, 1.382064938545227, 1.4141641855239868, 1.4841219186782837], "accuracy": [0.09814049303531647, 0.10847107321023941, 0.11983471363782883, 0.18388429284095764, 0.1818181872367859, 0.19938015937805176, 0.21280992031097412, 0.2572314143180847, 0.24690082669258118, 0.24483470618724823, 0.2541322410106659, 0.2623966932296753, 0.2954545319080353, 0.2913223206996918, 0.31301653385162354, 0.31301653385162354, 0.3068181872367859, 0.31198346614837646, 0.3512396812438965, 0.3274793326854706, 0.3140496015548706, 0.34090909361839294, 0.3677685856819153, 0.35743802785873413, 0.3719008266925812, 0.39669421315193176, 0.3677685856819153, 0.38946279883384705, 0.3915289342403412, 0.38533058762550354, 0.4204545319080353, 0.42871901392936707, 0.4101239740848541, 0.4431818127632141, 0.43285122513771057, 0.4152892529964447, 0.44628098607063293, 0.4752066135406494, 0.4183884263038635, 0.4628099203109741, 0.4483471214771271, 0.44657257199287415, 0.4514462947845459, 0.46590909361839294, 0.48553720116615295, 0.4566115736961365, 0.48243802785873413, 0.47314050793647766, 0.5030992031097412, 0.5361570119857788, 0.5010080933570862, 0.5454545617103577, 0.5041322112083435, 0.5072314143180847, 0.5, 0.5041322112083435, 0.5030992031097412, 0.5330578684806824, 0.5433884263038635, 0.5599173307418823, 0.5485537052154541, 0.557851254940033, 0.5433884263038635, 0.5712810158729553, 0.5464876294136047, 0.5423553586006165, 0.56611567735672, 0.5795454382896423, 0.5705645084381104, 0.5919421315193176, 0.5847107172012329, 0.5743801593780518, 0.6118951439857483, 0.6002066135406494, 0.5940082669258118, 0.6095041036605835, 0.6157024502754211, 0.6157024502754211, 0.6394628286361694, 0.6291322112083435, 0.5929751992225647], "val_loss": [3.3370375633239746, 3.2179620265960693, 3.038853406906128, 2.9790079593658447, 2.8600986003875732, 2.685680627822876, 2.653683662414551, 2.536868095397949, 2.4736547470092773, 2.5793075561523438, 2.4859843254089355, 2.342092275619507, 2.3054587841033936, 2.2713141441345215, 2.2211685180664062, 2.158783197402954, 2.1218440532684326, 2.1564037799835205, 2.070646047592163, 2.234052896499634, 2.0041444301605225, 2.0051825046539307, 1.994472861289978, 1.9565004110336304, 1.9456303119659424, 1.9398525953292847, 2.0211565494537354, 1.9376232624053955, 1.9918524026870728, 1.9771941900253296, 1.8885694742202759, 1.8755093812942505, 1.8582834005355835, 1.9046019315719604, 1.8525971174240112, 1.9740694761276245, 1.8163552284240723, 1.844082236289978, 1.8266096115112305, 1.8780968189239502, 1.921020269393921, 1.8768351078033447, 1.8954523801803589, 1.8464726209640503, 1.8406400680541992, 1.828545093536377, 1.861001968383789, 1.7871556282043457, 1.8581891059875488, 1.871360182762146, 1.8569978475570679, 1.9007976055145264, 1.9757304191589355, 1.9391074180603027, 1.8745853900909424, 1.8724815845489502, 1.8428930044174194, 1.8302302360534668, 1.9150060415267944, 2.0185506343841553, 1.8931682109832764, 1.9111912250518799, 1.9415545463562012, 1.9422454833984375, 1.9652212858200073, 2.055633306503296, 1.909103274345398, 1.896835207939148, 1.9843095541000366, 1.8956472873687744, 2.081221103668213, 1.9529656171798706, 1.9786529541015625, 1.9810802936553955, 2.066835403442383, 1.9399465322494507, 1.9889183044433594, 2.031486749649048, 2.082942485809326, 2.2212283611297607, 2.0751914978027344], "val_accuracy": [0.12809999287128448, 0.10140000283718109, 0.16619999706745148, 0.17829999327659607, 0.1941000074148178, 0.2727999985218048, 0.2720000147819519, 0.30559998750686646, 0.3190000057220459, 0.29840001463890076, 0.321399986743927, 0.3325999975204468, 0.33059999346733093, 0.33469998836517334, 0.34549999237060547, 0.3723999857902527, 0.3752000033855438, 0.3625999987125397, 0.3797000050544739, 0.32120001316070557, 0.40059998631477356, 0.38499999046325684, 0.39590001106262207, 0.41029998660087585, 0.4230000078678131, 0.41780000925064087, 0.38119998574256897, 0.4147000014781952, 0.3752000033855438, 0.39660000801086426, 0.4343999922275543, 0.4336000084877014, 0.43130001425743103, 0.41200000047683716, 0.4350000023841858, 0.39340001344680786, 0.44690001010894775, 0.42489999532699585, 0.445499986410141, 0.41940000653266907, 0.397599995136261, 0.4350000023841858, 0.42489999532699585, 0.4456999897956848, 0.4478999972343445, 0.44530001282691956, 0.4415000081062317, 0.45910000801086426, 0.44699999690055847, 0.4480000138282776, 0.44699999690055847, 0.446399986743927, 0.41760000586509705, 0.42410001158714294, 0.4413999915122986, 0.44620001316070557, 0.45579999685287476, 0.46309998631477356, 0.4462999999523163, 0.420199990272522, 0.4717999994754791, 0.453900009393692, 0.4487000107765198, 0.46459999680519104, 0.44029998779296875, 0.44339999556541443, 0.46889999508857727, 0.4546999931335449, 0.4546999931335449, 0.45829999446868896, 0.4284000098705292, 0.4611000120639801, 0.4668000042438507, 0.46320000290870667, 0.45339998602867126, 0.46160000562667847, 0.4616999924182892, 0.46480000019073486, 0.4648999869823456, 0.43459999561309814, 0.46480000019073486]}