{"loss": [2.3026516437530518, 2.302590847015381, 2.3026089668273926, 2.302600145339966, 2.302595615386963, 2.302602529525757, 2.302586317062378, 2.3026132583618164, 2.3026020526885986, 2.302633762359619, 2.302567958831787, 2.3025853633880615, 2.302608013153076, 2.3025410175323486, 2.302551031112671, 2.3025641441345215, 2.3025550842285156, 2.3025872707366943, 2.3025569915771484, 2.302548885345459, 2.302551746368408, 2.3025293350219727, 2.3025691509246826, 2.3025527000427246, 2.302572250366211, 2.302520513534546, 2.302523374557495, 2.302501916885376, 2.3025031089782715, 2.3025403022766113, 2.3025565147399902, 2.3025007247924805, 2.3025362491607666, 2.3024871349334717, 2.3025128841400146, 2.3025004863739014, 2.3025062084198, 2.302549362182617, 2.302493095397949, 2.3024914264678955, 2.30250883102417, 2.30251145362854, 2.3025193214416504, 2.302476644515991, 2.30246639251709, 2.3024673461914062, 2.3024840354919434, 2.3024649620056152, 2.3024697303771973, 2.3024699687957764], "accuracy": [0.07599999755620956, 0.08900000154972076, 0.0949999988079071, 0.09700000286102295, 0.10300000011920929, 0.0949999988079071, 0.09799999743700027, 0.09300000220537186, 0.11100000143051147, 0.09700000286102295, 0.09799999743700027, 0.10100000351667404, 0.10100000351667404, 0.10000000149011612, 0.10000000149011612, 0.10000000149011612, 0.09399999678134918, 0.07900000363588333, 0.10000000149011612, 0.0949999988079071, 0.09000000357627869, 0.10300000011920929, 0.10000000149011612, 0.10000000149011612, 0.0989999994635582, 0.08900000154972076, 0.10000000149011612, 0.08900000154972076, 0.14100000262260437, 0.11400000005960464, 0.08500000089406967, 0.13300000131130219, 0.10000000149011612, 0.10100000351667404, 0.10700000077486038, 0.10499999672174454, 0.10100000351667404, 0.10100000351667404, 0.11100000143051147, 0.10100000351667404, 0.09399999678134918, 0.1080000028014183, 0.1120000034570694, 0.11800000071525574, 0.09399999678134918, 0.10000000149011612, 0.08799999952316284, 0.12800000607967377, 0.1120000034570694, 0.10000000149011612], "val_loss": [2.3025739192962646, 2.3025636672973633, 2.302555561065674, 2.30255126953125, 2.3025450706481934, 2.302542209625244, 2.3025383949279785, 2.3025312423706055, 2.3025259971618652, 2.302522659301758, 2.3025150299072266, 2.302511215209961, 2.302506685256958, 2.3025033473968506, 2.3025009632110596, 2.3024988174438477, 2.3024961948394775, 2.302495241165161, 2.302490234375, 2.3024864196777344, 2.302483558654785, 2.3024818897247314, 2.3024797439575195, 2.302476406097412, 2.3024744987487793, 2.3024706840515137, 2.3024673461914062, 2.302464723587036, 2.3024630546569824, 2.302459955215454, 2.3024561405181885, 2.302454710006714, 2.30245304107666, 2.3024494647979736, 2.302445888519287, 2.3024439811706543, 2.302441358566284, 2.3024396896362305, 2.3024368286132812, 2.302432060241699, 2.302429676055908, 2.302428722381592, 2.3024256229400635, 2.3024227619171143, 2.3024208545684814, 2.302419424057007, 2.3024165630340576, 2.30241322517395, 2.3024110794067383, 2.3024094104766846], "val_accuracy": [0.10019999742507935, 0.10000000149011612, 0.10000000149011612, 0.11169999837875366, 0.10000000149011612, 0.10000000149011612, 0.10000000149011612, 0.12200000137090683, 0.10000000149011612, 0.10000000149011612, 0.10000000149011612, 0.10000000149011612, 0.10000000149011612, 0.10000000149011612, 0.10000000149011612, 0.10000000149011612, 0.10989999771118164, 0.10000000149011612, 0.10000000149011612, 0.10890000313520432, 0.13210000097751617, 0.10000000149011612, 0.10000000149011612, 0.10000000149011612, 0.10010000318288803, 0.0997999981045723, 0.10000000149011612, 0.10140000283718109, 0.16189999878406525, 0.1014999970793724, 0.195700004696846, 0.10000000149011612, 0.10000000149011612, 0.10000000149011612, 0.11190000176429749, 0.10130000114440918, 0.10909999907016754, 0.15639999508857727, 0.10000000149011612, 0.11869999766349792, 0.10189999639987946, 0.1306000053882599, 0.10809999704360962, 0.10170000046491623, 0.11150000244379044, 0.10040000081062317, 0.10480000078678131, 0.13580000400543213, 0.10000000149011612, 0.10000000149011612]}