{"loss": [3.500391721725464, 3.2155535221099854, 3.0540034770965576, 2.905261516571045, 2.853501081466675, 2.7504525184631348, 2.639157772064209, 2.5831639766693115, 2.5394952297210693, 2.4947941303253174, 2.4222030639648438, 2.333144426345825, 2.2811529636383057, 2.2363226413726807, 2.2004642486572266, 2.1418161392211914, 2.1507585048675537, 2.0939621925354004, 2.0390491485595703, 2.046482801437378, 2.035590171813965, 1.9837369918823242, 1.881455659866333, 1.8488575220108032, 1.8822343349456787, 1.8502789735794067, 1.8032537698745728, 1.7992368936538696, 1.7511897087097168, 1.8056135177612305, 1.6614795923233032, 1.7182731628417969, 1.7428683042526245, 1.62857985496521, 1.5924794673919678, 1.5610769987106323, 1.5514655113220215, 1.5891571044921875, 1.4655221700668335, 1.4706876277923584, 1.4084464311599731, 1.3628265857696533, 1.4404120445251465, 1.3642579317092896, 1.30702543258667, 1.2678916454315186, 1.4416457414627075, 1.386904239654541, 1.2538787126541138, 1.186966061592102, 1.2256473302841187, 1.1366950273513794, 1.1890852451324463, 1.1452226638793945, 1.0746183395385742, 1.0346174240112305, 1.093690276145935, 1.090161681175232, 1.0700241327285767, 1.1114577054977417, 1.0575288534164429, 1.0408319234848022, 0.9632462859153748, 1.0329773426055908, 0.9997469782829285, 0.987777590751648, 0.9768346548080444, 0.8632770776748657, 0.8903154134750366, 0.9089905023574829, 0.9048813581466675, 0.9505149126052856, 0.9000184535980225, 0.8209705352783203, 0.8218445777893066], "accuracy": [0.09294871985912323, 0.16346153616905212, 0.17521367967128754, 0.22970084846019745, 0.20520833134651184, 0.24358974397182465, 0.26816239953041077, 0.2756410241127014, 0.30982905626296997, 0.3322649598121643, 0.32478633522987366, 0.33760684728622437, 0.33012819290161133, 0.35683760046958923, 0.38247862458229065, 0.4038461446762085, 0.38354700803756714, 0.39636752009391785, 0.4294871687889099, 0.4337606728076935, 0.43020832538604736, 0.4423076808452606, 0.49252137541770935, 0.4861111044883728, 0.49145299196243286, 0.4989316165447235, 0.5128205418586731, 0.5352563858032227, 0.5229166746139526, 0.497863233089447, 0.5726495981216431, 0.5384615659713745, 0.5256410241127014, 0.5726495981216431, 0.5801281929016113, 0.5801281929016113, 0.5864583253860474, 0.5876068472862244, 0.6239316463470459, 0.6399572491645813, 0.6410256624221802, 0.6645299196243286, 0.6367521286010742, 0.6730769276618958, 0.6741452813148499, 0.6912392973899841, 0.6485042572021484, 0.6559829115867615, 0.7179487347602844, 0.7393162250518799, 0.7158119678497314, 0.7585470080375671, 0.742521345615387, 0.7638888955116272, 0.7777777910232544, 0.80982905626297, 0.7959401607513428, 0.7852563858032227, 0.7852563858032227, 0.7852563858032227, 0.8034188151359558, 0.8066239356994629, 0.8290598392486572, 0.7970085740089417, 0.8258547186851501, 0.817307710647583, 0.8290598392486572, 0.8739583492279053, 0.8568376302719116, 0.867521345615387, 0.8479166626930237, 0.8322916626930237, 0.8600427508354187, 0.8927083611488342, 0.8856837749481201], "val_loss": [3.3054261207580566, 3.080749273300171, 2.894533634185791, 2.8218843936920166, 2.7620904445648193, 2.62436842918396, 2.52843976020813, 2.4100606441497803, 2.5010478496551514, 2.359337568283081, 2.3069639205932617, 2.2786686420440674, 2.2197656631469727, 2.2259702682495117, 2.1096603870391846, 2.181551456451416, 2.106971025466919, 2.1036760807037354, 2.012413740158081, 2.219573736190796, 2.09407901763916, 2.0160107612609863, 2.0797810554504395, 2.0214414596557617, 2.032473087310791, 1.9745922088623047, 2.075538396835327, 1.983168601989746, 1.9985415935516357, 2.0285680294036865, 2.0271811485290527, 2.1690192222595215, 1.9737653732299805, 2.1220288276672363, 2.1788291931152344, 2.063938617706299, 2.1922683715820312, 2.0372774600982666, 2.045976400375366, 2.048461675643921, 2.1558775901794434, 2.1637909412384033, 2.1025757789611816, 2.281892776489258, 2.1878929138183594, 2.419250726699829, 2.151381731033325, 2.1640095710754395, 2.2751243114471436, 2.3237059116363525, 2.25907039642334, 2.432549238204956, 2.3071298599243164, 2.4347662925720215, 2.460310459136963, 2.4287209510803223, 2.562473773956299, 2.4622838497161865, 2.4789342880249023, 2.5047190189361572, 2.6182546615600586, 2.520906686782837, 2.7876243591308594, 2.7708444595336914, 2.6763358116149902, 2.7336585521698, 2.5244784355163574, 2.8622941970825195, 2.849541425704956, 2.953684091567993, 2.7760868072509766, 2.651888370513916, 2.727452039718628, 3.100893497467041, 3.046797275543213], "val_accuracy": [0.14100000262260437, 0.19339999556541443, 0.24369999766349792, 0.2361000031232834, 0.2526000142097473, 0.3224000036716461, 0.3357999920845032, 0.36070001125335693, 0.29789999127388, 0.3538999855518341, 0.35899999737739563, 0.3662000000476837, 0.36309999227523804, 0.375, 0.41519999504089355, 0.384799987077713, 0.4092000126838684, 0.4101000130176544, 0.4422999918460846, 0.3452000021934509, 0.4300000071525574, 0.4327000081539154, 0.42579999566078186, 0.4489000141620636, 0.42829999327659607, 0.4560000002384186, 0.4223000109195709, 0.4537000060081482, 0.43849998712539673, 0.43849998712539673, 0.448199987411499, 0.4165000021457672, 0.45489999651908875, 0.4602000117301941, 0.42100000381469727, 0.4553000032901764, 0.421999990940094, 0.46209999918937683, 0.4562999904155731, 0.4693000018596649, 0.46070000529289246, 0.45669999718666077, 0.4496999979019165, 0.44600000977516174, 0.4562000036239624, 0.4528000056743622, 0.4474000036716461, 0.45890000462532043, 0.45559999346733093, 0.4546999931335449, 0.4546999931335449, 0.47209998965263367, 0.46219998598098755, 0.453900009393692, 0.4794999957084656, 0.4788999855518341, 0.4487000107765198, 0.4641999900341034, 0.46140000224113464, 0.4553999900817871, 0.454800009727478, 0.4578000009059906, 0.45750001072883606, 0.44940000772476196, 0.4611999988555908, 0.4715999960899353, 0.46480000019073486, 0.4593000113964081, 0.46140000224113464, 0.46160000562667847, 0.47450000047683716, 0.46720001101493835, 0.4700999855995178, 0.4715000092983246, 0.4555000066757202]}