{"loss": [2.4192306995391846, 2.292508602142334, 2.2634289264678955, 2.2262673377990723, 2.191833257675171, 2.150547742843628, 2.1212589740753174, 2.1104679107666016, 2.060482978820801, 2.0358667373657227, 2.0385680198669434, 2.0238614082336426, 1.985260248184204, 1.9907004833221436, 1.9534460306167603, 1.9475758075714111, 1.9375087022781372, 1.9504203796386719, 1.9239435195922852, 1.8824353218078613, 1.9090944528579712, 1.8788772821426392, 1.8464510440826416, 1.8418774604797363, 1.9340459108352661, 1.8460264205932617, 1.8035598993301392, 1.8475083112716675, 1.7337369918823242, 1.766741156578064, 1.784106969833374, 1.7782961130142212, 1.7552026510238647, 1.731300711631775, 1.7706098556518555, 1.6920257806777954, 1.6981865167617798, 1.6982131004333496, 1.710340142250061, 1.7006614208221436, 1.6526020765304565, 1.6802808046340942, 1.727330207824707, 1.687904953956604, 1.6588200330734253, 1.6061934232711792, 1.6473406553268433, 1.624127745628357, 1.6012160778045654, 1.5450552701950073, 1.5425790548324585, 1.5734091997146606, 1.5500344038009644, 1.576256275177002, 1.5455790758132935, 1.4883155822753906, 1.507712721824646, 1.4935835599899292, 1.5017547607421875, 1.4814610481262207, 1.4812829494476318, 1.4753515720367432, 1.5382272005081177, 1.4810720682144165, 1.4467366933822632, 1.390019178390503, 1.405852198600769, 1.4192800521850586, 1.3644349575042725, 1.3849585056304932, 1.3861651420593262, 1.3724504709243774, 1.3314505815505981, 1.3114056587219238, 1.3507356643676758, 1.3555794954299927, 1.4011878967285156, 1.3555552959442139, 1.3243626356124878, 1.3770554065704346, 1.3720208406448364, 1.3564178943634033, 1.2541930675506592, 1.205665111541748, 1.2245302200317383, 1.1901826858520508, 1.2082853317260742, 1.2349364757537842, 1.1659965515136719, 1.1930314302444458, 1.1818863153457642, 1.1429460048675537, 1.129412055015564, 1.1518663167953491, 1.1668692827224731, 1.123413324356079, 1.1174798011779785, 1.0503628253936768, 1.093798041343689, 1.0783312320709229, 1.110540747642517, 1.0747461318969727, 1.0294069051742554], "accuracy": [0.11858974397182465, 0.12072649598121643, 0.15491452813148499, 0.2232905924320221, 0.2211538404226303, 0.2371794879436493, 0.24145299196243286, 0.22649572789669037, 0.25, 0.25747862458229065, 0.252136766910553, 0.252136766910553, 0.28632479906082153, 0.28525641560554504, 0.2895299196243286, 0.2916666567325592, 0.3055555522441864, 0.2927350401878357, 0.3034188151359558, 0.3194444477558136, 0.30520832538604736, 0.3205128312110901, 0.3344016969203949, 0.3482905924320221, 0.29914531111717224, 0.3205128312110901, 0.3514957129955292, 0.3504273593425751, 0.37072649598121643, 0.35470086336135864, 0.35363247990608215, 0.37708333134651184, 0.38461539149284363, 0.3717948794364929, 0.35576921701431274, 0.3985042870044708, 0.39895832538604736, 0.3985042870044708, 0.377136766910553, 0.38034188747406006, 0.4027777910232544, 0.3856837749481201, 0.35470086336135864, 0.40937501192092896, 0.4177350401878357, 0.42414531111717224, 0.404914528131485, 0.42628204822540283, 0.42414531111717224, 0.4615384638309479, 0.43803417682647705, 0.43803417682647705, 0.4444444477558136, 0.4433760643005371, 0.4444444477558136, 0.48076921701431274, 0.4583333432674408, 0.470085471868515, 0.46794870495796204, 0.4861111044883728, 0.4743589758872986, 0.4722222089767456, 0.45085468888282776, 0.4764957129955292, 0.4989316165447235, 0.5213675498962402, 0.5010683536529541, 0.5096153616905212, 0.5072916746139526, 0.5128205418586731, 0.5128205418586731, 0.507478654384613, 0.5288461446762085, 0.5427350401878357, 0.5106837749481201, 0.5245726704597473, 0.49145299196243286, 0.5149572491645813, 0.5277777910232544, 0.5341880321502686, 0.5256410241127014, 0.5405982732772827, 0.5801281929016113, 0.5737179517745972, 0.5705128312110901, 0.5822649598121643, 0.55982905626297, 0.5705128312110901, 0.5760416388511658, 0.5822649598121643, 0.581250011920929, 0.5972222089767456, 0.6047008633613586, 0.5833333134651184, 0.5737179517745972, 0.6089743375778198, 0.6153846383094788, 0.6388888955116272, 0.6111111044883728, 0.6208333373069763, 0.6143162250518799, 0.6036324501037598, 0.6474359035491943], "val_loss": [2.3178038597106934, 2.2671236991882324, 2.237644672393799, 2.194552421569824, 2.1358940601348877, 2.0934345722198486, 2.0938236713409424, 2.0360066890716553, 1.9972013235092163, 1.9665281772613525, 1.97380530834198, 1.937951922416687, 1.9570441246032715, 1.945314884185791, 1.8893957138061523, 1.9213615655899048, 1.875585913658142, 1.842979073524475, 1.8321521282196045, 1.7878048419952393, 1.83780837059021, 1.7651489973068237, 1.80220627784729, 1.7884314060211182, 1.775464653968811, 1.7649011611938477, 1.7935912609100342, 1.7368566989898682, 1.6793864965438843, 1.6944515705108643, 1.738579511642456, 1.6950621604919434, 1.6832996606826782, 1.8335191011428833, 1.6974786520004272, 1.6717808246612549, 1.735361933708191, 1.6707144975662231, 1.6752208471298218, 1.6298284530639648, 1.6616462469100952, 1.641047477722168, 1.6874867677688599, 1.6330814361572266, 1.663403868675232, 1.891489863395691, 1.6901944875717163, 1.632016658782959, 1.5931371450424194, 1.6779074668884277, 1.638610601425171, 1.5917856693267822, 1.634867548942566, 1.6194849014282227, 1.6114225387573242, 1.5721663236618042, 1.5660454034805298, 1.6829904317855835, 1.6497474908828735, 1.6223682165145874, 1.6694045066833496, 1.6867295503616333, 1.6657648086547852, 1.7168047428131104, 1.5791871547698975, 1.5691664218902588, 1.6570148468017578, 1.5791540145874023, 1.5632429122924805, 1.5713025331497192, 1.6482162475585938, 1.6359798908233643, 1.5947580337524414, 1.6554425954818726, 1.5643298625946045, 1.6228797435760498, 1.6379058361053467, 1.6206048727035522, 1.6894036531448364, 1.7152953147888184, 1.6723299026489258, 1.5956767797470093, 1.5581554174423218, 1.5758124589920044, 1.6139112710952759, 1.6026285886764526, 1.6336909532546997, 1.6249843835830688, 1.6476478576660156, 1.7452341318130493, 1.594722867012024, 1.6749216318130493, 1.6905909776687622, 1.627968430519104, 1.6388722658157349, 1.6299233436584473, 1.6968305110931396, 1.7216968536376953, 1.682018756866455, 1.7432212829589844, 1.7194386720657349, 1.739517331123352, 1.6932810544967651],